,Bedroom,Bathroom,Location,Size,status,Facing,Type,Price
0,3,3,Poranki,1587,Ready to move,West,Apartment,55.5
1,2,2,Poranki,1450,Ready to move,0,Apartment,48.0
2,2,2,Kankipadu,1290,Under Construction,NorthEast,Independent House,50.0
3,2,4,PNT Colony,1400,Ready to move,0,Independent House,72.0
4,2,2,Labbipet,950,Ready to move,East,Apartment,60.0
5,2,2,Poranki,1200,Ready to move,0,Apartment,40.0
6,3,3,Gannavaram,1663,Ready to move,East,Apartment,59.86
7,3,3,Gunadala,1500,Ready to move,0,Apartment,56.0
8,3,3,Gollapudi,2062,Ready to move,0,Apartment,89.0
9,2,2,Enikepadu,1250,Ready to move,0,Independent House,39.0
10,2,2,Benz Circle,1350,Ready to move,East,Independent House,59.0
11,3,3,Vidhyadharpuram,1600,Under Construction,West,Residential Plot,95.0
12,6,7,Penamaluru,3700,Ready to move,0,Residential Plot,110.00000000000001
13,0,0,Kankipadu,1782,Resale,0,Residential Plot,16.83
14,0,0,Poranki,1800,Resale,West,Apartment,33.0
15,0,0,Kankipadu,1500,Resale,0,Apartment,20.0
16,3,3,Benz Circle,2317,Under Construction,East,Independent House,166.0
17,3,3,Gannavaram,1650,Ready to move,0,Apartment,72.0
18,2,2,Payakapuram,1000,Ready to move,0,Apartment,56.0
19,3,3,Benz Circle,2317,Under Construction,East,Apartment,166.0
20,3,3,Poranki,1587,Ready to move,West,Independent House,55.5
21,2,2,Poranki,1450,Ready to move,0,Independent House,48.0
22,2,2,Kankipadu,1290,Under Construction,NorthEast,Apartment,50.0
23,2,4,PNT Colony,1400,Ready to move,0,Apartment,72.0
24,2,2,Labbipet,950,Ready to move,East,Apartment,60.0
25,2,2,Poranki,1200,Ready to move,0,Apartment,40.0
26,3,3,Gannavaram,1663,Ready to move,East,Apartment,59.86
27,3,3,Gunadala,1500,Ready to move,0,Independent House,56.0
28,3,3,Gollapudi,2062,Ready to move,0,Independent House,89.0
29,2,2,Enikepadu,1250,Ready to move,0,Residential Plot,39.0
30,2,2,Benz Circle,1350,Ready to move,East,Residential Plot,59.0
31,3,3,Vidhyadharpuram,1600,Under Construction,West,Residential Plot,95.0
32,6,7,Penamaluru,3700,Ready to move,0,Apartment,110.00000000000001
33,0,0,Kankipadu,1782,Resale,0,Apartment,16.83
34,0,0,Poranki,1800,Resale,West,Independent House,33.0
35,0,0,Kankipadu,1500,Resale,0,Apartment,20.0
36,3,3,Benz Circle,2317,Under Construction,East,Apartment,166.0
37,3,3,Gannavaram,1650,Ready to move,0,Apartment,72.0
38,2,2,Payakapuram,1000,Ready to move,0,Independent House,56.0
39,3,3,Benz Circle,2317,Under Construction,East,Independent House,166.0
40,3,3,Poranki,1587,Ready to move,West,Apartment,55.5
41,2,2,Poranki,1450,Ready to move,0,Apartment,48.0
42,2,2,Kankipadu,1290,Under Construction,NorthEast,Apartment,50.0
43,2,4,PNT Colony,1400,Ready to move,0,Apartment,72.0
44,2,2,Labbipet,950,Ready to move,East,Apartment,60.0
45,2,2,Poranki,1200,Ready to move,0,Independent House,40.0
46,3,3,Gannavaram,1663,Ready to move,East,Independent House,59.86
47,3,3,Gunadala,1500,Ready to move,0,Residential Plot,56.0
48,3,3,Gollapudi,2062,Ready to move,0,Residential Plot,89.0
49,2,2,Enikepadu,1250,Ready to move,0,Residential Plot,39.0
50,2,2,Benz Circle,1350,Ready to move,East,Apartment,59.0
51,3,3,Vidhyadharpuram,1600,Under Construction,West,Apartment,95.0
52,6,7,Penamaluru,3700,Ready to move,0,Independent House,110.00000000000001
53,0,0,Kankipadu,1782,Resale,0,Apartment,16.83
54,0,0,Poranki,1800,Resale,West,Apartment,33.0
55,0,0,Kankipadu,1500,Resale,0,Apartment,20.0
56,3,3,Benz Circle,2317,Under Construction,East,Independent House,166.0
57,3,3,Gannavaram,1650,Ready to move,0,Independent House,72.0
58,2,2,Payakapuram,1000,Ready to move,0,Apartment,56.0
59,3,3,Benz Circle,2317,Under Construction,East,Apartment,166.0
60,3,3,Poranki,1587,Ready to move,West,Apartment,55.5
61,2,2,Poranki,1450,Ready to move,0,Apartment,48.0
62,2,2,Kankipadu,1290,Under Construction,NorthEast,Apartment,50.0
63,2,4,PNT Colony,1400,Ready to move,0,Independent House,72.0
64,2,2,Labbipet,950,Ready to move,East,Independent House,60.0
65,2,2,Poranki,1200,Ready to move,0,Residential Plot,40.0
66,3,3,Gannavaram,1663,Ready to move,East,Residential Plot,59.86
67,3,3,Gunadala,1500,Ready to move,0,Residential Plot,56.0
68,3,3,Gollapudi,2062,Ready to move,0,Apartment,89.0
69,2,2,Enikepadu,1250,Ready to move,0,Apartment,39.0
70,2,2,Benz Circle,1350,Ready to move,East,Independent House,59.0
71,3,3,Vidhyadharpuram,1600,Under Construction,West,Apartment,95.0
72,6,7,Penamaluru,3700,Ready to move,0,Apartment,110.00000000000001
73,0,0,Kankipadu,1782,Resale,0,Apartment,16.83
74,0,0,Poranki,1800,Resale,West,Independent House,33.0
75,0,0,Kankipadu,1500,Resale,0,Independent House,20.0
76,3,3,Benz Circle,2317,Under Construction,East,Apartment,166.0
77,3,3,Gannavaram,1650,Ready to move,0,Apartment,72.0
78,2,2,Payakapuram,1000,Ready to move,0,Apartment,56.0
79,3,3,Benz Circle,2317,Under Construction,East,Apartment,166.0
80,3,3,Poranki,1587,Ready to move,West,Apartment,55.5
81,2,2,Poranki,1450,Ready to move,0,Independent House,48.0
82,2,2,Kankipadu,1290,Under Construction,NorthEast,Independent House,50.0
83,2,4,PNT Colony,1400,Ready to move,0,Residential Plot,72.0
84,2,2,Labbipet,950,Ready to move,East,Residential Plot,60.0
85,2,2,Poranki,1200,Ready to move,0,Residential Plot,40.0
86,3,3,Gannavaram,1663,Ready to move,East,Apartment,59.86
87,3,3,Gunadala,1500,Ready to move,0,Apartment,56.0
88,3,3,Gollapudi,2062,Ready to move,0,Independent House,89.0
89,2,2,Enikepadu,1250,Ready to move,0,Apartment,39.0
90,2,2,Benz Circle,1350,Ready to move,East,Apartment,59.0
91,3,3,Vidhyadharpuram,1600,Under Construction,West,Apartment,95.0
92,6,7,Penamaluru,3700,Ready to move,0,Independent House,110.00000000000001
93,0,0,Kankipadu,1782,Resale,0,Independent House,16.83
94,0,0,Poranki,1800,Resale,West,Apartment,33.0
95,0,0,Kankipadu,1500,Resale,0,Apartment,20.0
96,3,3,Benz Circle,2317,Under Construction,East,Apartment,166.0
97,3,3,Gannavaram,1650,Ready to move,0,Apartment,72.0
98,2,2,Payakapuram,1000,Ready to move,0,Apartment,56.0
99,3,3,Benz Circle,2317,Under Construction,East,Independent House,166.0
100,3,3,Poranki,1587,Ready to move,West,Independent House,55.5
101,2,2,Poranki,1450,Ready to move,0,Residential Plot,48.0
102,2,2,Kankipadu,1290,Under Construction,NorthEast,Residential Plot,50.0
103,2,4,PNT Colony,1400,Ready to move,0,Residential Plot,72.0
104,2,2,Labbipet,950,Ready to move,East,Apartment,60.0
105,2,2,Poranki,1200,Ready to move,0,Apartment,40.0
106,3,3,Gannavaram,1663,Ready to move,East,Independent House,59.86
107,3,3,Gunadala,1500,Ready to move,0,Apartment,56.0
108,3,3,Gollapudi,2062,Ready to move,0,Apartment,89.0
109,2,2,Enikepadu,1250,Ready to move,0,Apartment,39.0
110,2,2,Benz Circle,1350,Ready to move,East,Independent House,59.0
111,3,3,Vidhyadharpuram,1600,Under Construction,West,Independent House,95.0
112,6,7,Penamaluru,3700,Ready to move,0,Apartment,110.00000000000001
113,0,0,Kankipadu,1782,Resale,0,Apartment,16.83
114,0,0,Poranki,1800,Resale,West,Apartment,33.0
115,0,0,Kankipadu,1500,Resale,0,Apartment,20.0
116,3,3,Benz Circle,2317,Under Construction,East,Apartment,166.0
117,3,3,Gannavaram,1650,Ready to move,0,Independent House,72.0
118,2,2,Payakapuram,1000,Ready to move,0,Independent House,56.0
119,3,3,Benz Circle,2317,Under Construction,East,Residential Plot,166.0
120,3,3,Poranki,1587,Ready to move,West,Residential Plot,55.5
121,2,2,Poranki,1450,Ready to move,0,Residential Plot,48.0
122,2,2,Kankipadu,1290,Under Construction,NorthEast,Apartment,50.0
123,2,4,PNT Colony,1400,Ready to move,0,Apartment,72.0
124,2,2,Labbipet,950,Ready to move,East,Independent House,60.0
125,2,2,Poranki,1200,Ready to move,0,Apartment,40.0
126,3,3,Gannavaram,1663,Ready to move,East,Apartment,59.86
127,3,3,Gunadala,1500,Ready to move,0,Apartment,56.0
128,3,3,Gollapudi,2062,Ready to move,0,Independent House,89.0
129,2,2,Enikepadu,1250,Ready to move,0,Independent House,39.0
130,2,2,Benz Circle,1350,Ready to move,East,Apartment,59.0
131,3,3,Vidhyadharpuram,1600,Under Construction,West,Apartment,95.0
132,6,7,Penamaluru,3700,Ready to move,0,Apartment,110.00000000000001
133,0,0,Kankipadu,1782,Resale,0,Apartment,16.83
134,0,0,Poranki,1800,Resale,West,Apartment,33.0
135,0,0,Kankipadu,1500,Resale,0,Independent House,20.0
136,3,3,Benz Circle,2317,Under Construction,East,Independent House,166.0
137,3,3,Gannavaram,1650,Ready to move,0,Residential Plot,72.0
138,2,2,Payakapuram,1000,Ready to move,0,Residential Plot,56.0
139,3,3,Benz Circle,2317,Under Construction,East,Residential Plot,166.0
140,3,3,Poranki,1587,Ready to move,West,Apartment,55.5
141,2,2,Poranki,1450,Ready to move,0,Apartment,48.0
142,2,2,Kankipadu,1290,Under Construction,NorthEast,Independent House,50.0
143,2,4,PNT Colony,1400,Ready to move,0,Apartment,72.0
144,2,2,Labbipet,950,Ready to move,East,Apartment,60.0
145,2,2,Poranki,1200,Ready to move,0,Apartment,40.0
146,3,3,Gannavaram,1663,Ready to move,East,Independent House,59.86
147,3,3,Gunadala,1500,Ready to move,0,Independent House,56.0
148,3,3,Gollapudi,2062,Ready to move,0,Apartment,89.0
149,2,2,Enikepadu,1250,Ready to move,0,Apartment,39.0
150,2,2,Benz Circle,1350,Ready to move,East,Apartment,59.0
151,3,3,Vidhyadharpuram,1600,Under Construction,West,Apartment,95.0
152,6,7,Penamaluru,3700,Ready to move,0,Apartment,110.00000000000001
153,0,0,Kankipadu,1782,Resale,0,Independent House,16.83
154,0,0,Poranki,1800,Resale,West,Independent House,33.0
155,0,0,Kankipadu,1500,Resale,0,Residential Plot,20.0
156,3,3,Benz Circle,2317,Under Construction,East,Residential Plot,166.0
157,3,3,Gannavaram,1650,Ready to move,0,Residential Plot,72.0
158,2,2,Payakapuram,1000,Ready to move,0,Apartment,56.0
159,3,3,Benz Circle,2317,Under Construction,East,Apartment,166.0
160,3,3,Poranki,1587,Ready to move,West,Independent House,55.5
161,2,2,Poranki,1450,Ready to move,0,Apartment,48.0
162,2,2,Kankipadu,1290,Under Construction,NorthEast,Apartment,50.0
163,2,4,PNT Colony,1400,Ready to move,0,Apartment,72.0
164,2,2,Labbipet,950,Ready to move,East,Independent House,60.0
165,2,2,Poranki,1200,Ready to move,0,Independent House,40.0
166,3,3,Gannavaram,1663,Ready to move,East,Apartment,59.86
167,3,3,Gunadala,1500,Ready to move,0,Apartment,56.0
168,3,3,Gollapudi,2062,Ready to move,0,Apartment,89.0
169,2,2,Enikepadu,1250,Ready to move,0,Apartment,39.0
170,2,2,Benz Circle,1350,Ready to move,East,Apartment,59.0
171,3,3,Vidhyadharpuram,1600,Under Construction,West,Independent House,95.0
172,6,7,Penamaluru,3700,Ready to move,0,Independent House,110.00000000000001
173,0,0,Kankipadu,1782,Resale,0,Residential Plot,16.83
174,0,0,Poranki,1800,Resale,West,Residential Plot,33.0
175,0,0,Kankipadu,1500,Resale,0,Residential Plot,20.0
176,3,3,Benz Circle,2317,Under Construction,East,Apartment,166.0
177,3,3,Gannavaram,1650,Ready to move,0,Apartment,72.0
178,2,2,Payakapuram,1000,Ready to move,0,Independent House,56.0
179,3,3,Benz Circle,2317,Under Construction,East,Apartment,166.0
180,3,3,Poranki,1587,Ready to move,West,Apartment,55.5
181,2,2,Poranki,1450,Ready to move,0,Apartment,48.0
182,2,2,Kankipadu,1290,Under Construction,NorthEast,Independent House,50.0
183,2,4,PNT Colony,1400,Ready to move,0,Independent House,72.0
184,2,2,Labbipet,950,Ready to move,East,Apartment,60.0
185,2,2,Poranki,1200,Ready to move,0,Apartment,40.0
186,3,3,Gannavaram,1663,Ready to move,East,Apartment,59.86
187,3,3,Gunadala,1500,Ready to move,0,Apartment,56.0
188,3,3,Gollapudi,2062,Ready to move,0,Apartment,89.0
189,2,2,Enikepadu,1250,Ready to move,0,Independent House,39.0
190,2,2,Benz Circle,1350,Ready to move,East,Independent House,59.0
191,3,3,Vidhyadharpuram,1600,Under Construction,West,Residential Plot,95.0
192,6,7,Penamaluru,3700,Ready to move,0,Residential Plot,110.00000000000001
193,0,0,Kankipadu,1782,Resale,0,Residential Plot,16.83
194,0,0,Poranki,1800,Resale,West,Apartment,33.0
195,0,0,Kankipadu,1500,Resale,0,Apartment,20.0
196,3,3,Benz Circle,2317,Under Construction,East,Independent House,166.0
197,3,3,Gannavaram,1650,Ready to move,0,Apartment,72.0
198,2,2,Payakapuram,1000,Ready to move,0,Apartment,56.0
199,3,3,Benz Circle,2317,Under Construction,East,Apartment,166.0
200,3,3,Poranki,1587,Ready to move,West,Independent House,55.5
201,2,2,Poranki,1450,Ready to move,0,Independent House,48.0
202,2,2,Kankipadu,1290,Under Construction,NorthEast,Apartment,50.0
203,2,4,PNT Colony,1400,Ready to move,0,Apartment,72.0
204,2,2,Labbipet,950,Ready to move,East,Apartment,60.0
205,2,2,Poranki,1200,Ready to move,0,Apartment,40.0
206,3,3,Gannavaram,1663,Ready to move,East,Apartment,59.86
207,3,3,Gunadala,1500,Ready to move,0,Independent House,56.0
208,3,3,Gollapudi,2062,Ready to move,0,Independent House,89.0
209,2,2,Enikepadu,1250,Ready to move,0,Residential Plot,39.0
210,2,2,Benz Circle,1350,Ready to move,East,Residential Plot,59.0
211,3,3,Vidhyadharpuram,1600,Under Construction,West,Residential Plot,95.0
212,6,7,Penamaluru,3700,Ready to move,0,Apartment,110.00000000000001
213,0,0,Kankipadu,1782,Resale,0,Apartment,16.83
214,0,0,Poranki,1800,Resale,West,Independent House,33.0
215,0,0,Kankipadu,1500,Resale,0,Apartment,20.0
216,3,3,Benz Circle,2317,Under Construction,East,Apartment,166.0
217,3,3,Gannavaram,1650,Ready to move,0,Apartment,72.0
218,2,2,Payakapuram,1000,Ready to move,0,Independent House,56.0
219,3,3,Benz Circle,2317,Under Construction,East,Independent House,166.0
220,3,3,Poranki,1587,Ready to move,West,Apartment,55.5
221,2,2,Poranki,1450,Ready to move,0,Apartment,48.0
222,2,2,Kankipadu,1290,Under Construction,NorthEast,Apartment,50.0
223,2,4,PNT Colony,1400,Ready to move,0,Apartment,72.0
224,2,2,Labbipet,950,Ready to move,East,Apartment,60.0
225,2,2,Poranki,1200,Ready to move,0,Independent House,40.0
226,3,3,Gannavaram,1663,Ready to move,East,Independent House,59.86
227,3,3,Gunadala,1500,Ready to move,0,Residential Plot,56.0
228,3,3,Gollapudi,2062,Ready to move,0,Residential Plot,89.0
229,2,2,Enikepadu,1250,Ready to move,0,Residential Plot,39.0
230,2,2,Benz Circle,1350,Ready to move,East,Apartment,59.0
231,3,3,Vidhyadharpuram,1600,Under Construction,West,Apartment,95.0
232,6,7,Penamaluru,3700,Ready to move,0,Independent House,110.00000000000001
233,0,0,Kankipadu,1782,Resale,0,Apartment,16.83
234,0,0,Poranki,1800,Resale,West,Apartment,33.0
235,0,0,Kankipadu,1500,Resale,0,Apartment,20.0
236,3,3,Benz Circle,2317,Under Construction,East,Independent House,166.0
237,3,3,Gannavaram,1650,Ready to move,0,Independent House,72.0
238,2,2,Payakapuram,1000,Ready to move,0,Apartment,56.0
239,3,3,Benz Circle,2317,Under Construction,East,Apartment,166.0
240,3,3,Poranki,1587,Ready to move,West,Apartment,55.5
241,2,2,Poranki,1450,Ready to move,0,Apartment,48.0
242,2,2,Kankipadu,1290,Under Construction,NorthEast,Apartment,50.0
243,2,4,PNT Colony,1400,Ready to move,0,Independent House,72.0
244,2,2,Labbipet,950,Ready to move,East,Independent House,60.0
245,2,2,Poranki,1200,Ready to move,0,Residential Plot,40.0
246,3,3,Gannavaram,1663,Ready to move,East,Residential Plot,59.86
247,3,3,Gunadala,1500,Ready to move,0,Residential Plot,56.0
248,3,3,Gollapudi,2062,Ready to move,0,Apartment,89.0
249,2,2,Enikepadu,1250,Ready to move,0,Apartment,39.0
250,2,2,Benz Circle,1350,Ready to move,East,Independent House,59.0
251,3,3,Vidhyadharpuram,1600,Under Construction,West,Apartment,95.0
252,6,7,Penamaluru,3700,Ready to move,0,Apartment,110.00000000000001
253,0,0,Kankipadu,1782,Resale,0,Apartment,16.83
254,0,0,Poranki,1800,Resale,West,Independent House,33.0
255,0,0,Kankipadu,1500,Resale,0,Independent House,20.0
256,3,3,Benz Circle,2317,Under Construction,East,Apartment,166.0
257,3,3,Gannavaram,1650,Ready to move,0,Apartment,72.0
258,2,2,Payakapuram,1000,Ready to move,0,Apartment,56.0
259,3,3,Benz Circle,2317,Under Construction,East,Apartment,166.0
260,3,3,Poranki,1587,Ready to move,West,Apartment,55.5
261,2,2,Poranki,1450,Ready to move,0,Independent House,48.0
262,2,2,Kankipadu,1290,Under Construction,NorthEast,Independent House,50.0
263,2,4,PNT Colony,1400,Ready to move,0,Residential Plot,72.0
264,2,2,Labbipet,950,Ready to move,East,Residential Plot,60.0
265,2,2,Poranki,1200,Ready to move,0,Residential Plot,40.0
266,3,3,Gannavaram,1663,Ready to move,East,Apartment,59.86
267,3,3,Gunadala,1500,Ready to move,0,Apartment,56.0
268,3,3,Gollapudi,2062,Ready to move,0,Independent House,89.0
269,2,2,Enikepadu,1250,Ready to move,0,Apartment,39.0
270,2,2,Benz Circle,1350,Ready to move,East,Apartment,59.0
271,3,3,Vidhyadharpuram,1600,Under Construction,West,Apartment,95.0
272,6,7,Penamaluru,3700,Ready to move,0,Independent House,110.00000000000001
273,0,0,Kankipadu,1782,Resale,0,Independent House,16.83
274,0,0,Poranki,1800,Resale,West,Apartment,33.0
275,0,0,Kankipadu,1500,Resale,0,Apartment,20.0
276,3,3,Benz Circle,2317,Under Construction,East,Apartment,166.0
277,3,3,Gannavaram,1650,Ready to move,0,Apartment,72.0
278,2,2,Payakapuram,1000,Ready to move,0,Apartment,56.0
279,3,3,Benz Circle,2317,Under Construction,East,Independent House,166.0
280,3,3,Poranki,1587,Ready to move,West,Independent House,55.5
281,2,2,Poranki,1450,Ready to move,0,Residential Plot,48.0
282,2,2,Kankipadu,1290,Under Construction,NorthEast,Residential Plot,50.0
283,2,4,PNT Colony,1400,Ready to move,0,Residential Plot,72.0
284,2,2,Labbipet,950,Ready to move,East,Apartment,60.0
285,2,2,Poranki,1200,Ready to move,0,Apartment,40.0
286,3,3,Gannavaram,1663,Ready to move,East,Independent House,59.86
287,3,3,Gunadala,1500,Ready to move,0,Apartment,56.0
288,3,3,Gollapudi,2062,Ready to move,0,Apartment,89.0
289,2,2,Enikepadu,1250,Ready to move,0,Apartment,39.0
290,2,2,Benz Circle,1350,Ready to move,East,Independent House,59.0
291,3,3,Vidhyadharpuram,1600,Under Construction,West,Independent House,95.0
292,6,7,Penamaluru,3700,Ready to move,0,Apartment,110.00000000000001
293,0,0,Kankipadu,1782,Resale,0,Apartment,16.83
294,0,0,Poranki,1800,Resale,West,Apartment,33.0
295,0,0,Kankipadu,1500,Resale,0,Apartment,20.0
296,3,3,Benz Circle,2317,Under Construction,East,Apartment,166.0
297,3,3,Gannavaram,1650,Ready to move,0,Independent House,72.0
298,2,2,Payakapuram,1000,Ready to move,0,Independent House,56.0
299,3,3,Benz Circle,2317,Under Construction,East,Residential Plot,166.0
300,3,3,Poranki,1587,Ready to move,West,Residential Plot,55.5
301,2,2,Poranki,1450,Ready to move,0,Residential Plot,48.0
302,2,2,Kankipadu,1290,Under Construction,NorthEast,Apartment,50.0
303,2,4,PNT Colony,1400,Ready to move,0,Apartment,72.0
304,2,2,Labbipet,950,Ready to move,East,Independent House,60.0
305,2,2,Poranki,1200,Ready to move,0,Apartment,40.0
306,3,3,Gannavaram,1663,Ready to move,East,Apartment,59.86
307,3,3,Gunadala,1500,Ready to move,0,Apartment,56.0
308,3,3,Gollapudi,2062,Ready to move,0,Independent House,89.0
309,2,2,Enikepadu,1250,Ready to move,0,Independent House,39.0
310,2,2,Benz Circle,1350,Ready to move,East,Apartment,59.0
311,3,3,Vidhyadharpuram,1600,Under Construction,West,Apartment,95.0
312,6,7,Penamaluru,3700,Ready to move,0,Apartment,110.00000000000001
313,0,0,Kankipadu,1782,Resale,0,Apartment,16.83
314,0,0,Poranki,1800,Resale,West,Apartment,33.0
315,0,0,Kankipadu,1500,Resale,0,Independent House,20.0
316,3,3,Benz Circle,2317,Under Construction,East,Independent House,166.0
317,3,3,Gannavaram,1650,Ready to move,0,Residential Plot,72.0
318,2,2,Payakapuram,1000,Ready to move,0,Residential Plot,56.0
319,3,3,Benz Circle,2317,Under Construction,East,Residential Plot,166.0
320,3,3,Poranki,1587,Ready to move,West,Apartment,55.5
321,2,2,Poranki,1450,Ready to move,0,Apartment,48.0
322,2,2,Kankipadu,1290,Under Construction,NorthEast,Independent House,50.0
323,2,4,PNT Colony,1400,Ready to move,0,Apartment,72.0
324,2,2,Labbipet,950,Ready to move,East,Apartment,60.0
325,2,2,Poranki,1200,Ready to move,0,Apartment,40.0
326,3,3,Gannavaram,1663,Ready to move,East,Independent House,59.86
327,3,3,Gunadala,1500,Ready to move,0,Independent House,56.0
328,3,3,Gollapudi,2062,Ready to move,0,Apartment,89.0
329,2,2,Enikepadu,1250,Ready to move,0,Apartment,39.0
330,2,2,Benz Circle,1350,Ready to move,East,Apartment,59.0
331,3,3,Vidhyadharpuram,1600,Under Construction,West,Apartment,95.0
332,6,7,Penamaluru,3700,Ready to move,0,Apartment,110.00000000000001
333,0,0,Kankipadu,1782,Resale,0,Independent House,16.83
334,0,0,Poranki,1800,Resale,West,Independent House,33.0
335,0,0,Kankipadu,1500,Resale,0,Residential Plot,20.0
336,3,3,Benz Circle,2317,Under Construction,East,Residential Plot,166.0
337,3,3,Gannavaram,1650,Ready to move,0,Residential Plot,72.0
338,2,2,Payakapuram,1000,Ready to move,0,Apartment,56.0
339,3,3,Benz Circle,2317,Under Construction,East,Apartment,166.0
340,3,3,Poranki,1587,Ready to move,West,Independent House,55.5
341,2,2,Poranki,1450,Ready to move,0,Apartment,48.0
342,2,2,Kankipadu,1290,Under Construction,NorthEast,Apartment,50.0
343,2,4,PNT Colony,1400,Ready to move,0,Apartment,72.0
344,2,2,Labbipet,950,Ready to move,East,Independent House,60.0
345,2,2,Poranki,1200,Ready to move,0,Independent House,40.0
346,3,3,Gannavaram,1663,Ready to move,East,Apartment,59.86
347,3,3,Gunadala,1500,Ready to move,0,Apartment,56.0
348,3,3,Gollapudi,2062,Ready to move,0,Apartment,89.0
349,2,2,Enikepadu,1250,Ready to move,0,Apartment,39.0
350,2,2,Benz Circle,1350,Ready to move,East,Apartment,59.0
351,3,3,Vidhyadharpuram,1600,Under Construction,West,Independent House,95.0
352,6,7,Penamaluru,3700,Ready to move,0,Independent House,110.00000000000001
353,0,0,Kankipadu,1782,Resale,0,Residential Plot,16.83
354,0,0,Poranki,1800,Resale,West,Residential Plot,33.0
355,0,0,Kankipadu,1500,Resale,0,Residential Plot,20.0
356,3,3,Benz Circle,2317,Under Construction,East,Apartment,166.0
357,3,3,Gannavaram,1650,Ready to move,0,Apartment,72.0
358,2,2,Payakapuram,1000,Ready to move,0,Independent House,56.0
359,3,3,Benz Circle,2317,Under Construction,East,Apartment,166.0
360,3,3,Poranki,1587,Ready to move,West,Apartment,55.5
361,2,2,Poranki,1450,Ready to move,0,Apartment,48.0
362,2,2,Kankipadu,1290,Under Construction,NorthEast,Independent House,50.0
363,2,4,PNT Colony,1400,Ready to move,0,Independent House,72.0
364,2,2,Labbipet,950,Ready to move,East,Apartment,60.0
365,2,2,Poranki,1200,Ready to move,0,Apartment,40.0
366,3,3,Gannavaram,1663,Ready to move,East,Apartment,59.86
367,3,3,Gunadala,1500,Ready to move,0,Apartment,56.0
368,3,3,Gollapudi,2062,Ready to move,0,Apartment,89.0
369,2,2,Enikepadu,1250,Ready to move,0,Independent House,39.0
370,2,2,Benz Circle,1350,Ready to move,East,Independent House,59.0
371,3,3,Vidhyadharpuram,1600,Under Construction,West,Residential Plot,95.0
372,6,7,Penamaluru,3700,Ready to move,0,Residential Plot,110.00000000000001
373,0,0,Kankipadu,1782,Resale,0,Residential Plot,16.83
374,0,0,Poranki,1800,Resale,West,Apartment,33.0
375,0,0,Kankipadu,1500,Resale,0,Apartment,20.0
376,3,3,Benz Circle,2317,Under Construction,East,Independent House,166.0
377,3,3,Gannavaram,1650,Ready to move,0,Apartment,72.0
378,2,2,Payakapuram,1000,Ready to move,0,Apartment,56.0
379,3,3,Benz Circle,2317,Under Construction,East,Apartment,166.0
380,3,3,Poranki,1587,Ready to move,West,Independent House,55.5
381,2,2,Poranki,1450,Ready to move,0,Independent House,48.0
382,2,2,Kankipadu,1290,Under Construction,NorthEast,Apartment,50.0
383,2,4,PNT Colony,1400,Ready to move,0,Apartment,72.0
384,2,2,Labbipet,950,Ready to move,East,Apartment,60.0
385,2,2,Poranki,1200,Ready to move,0,Apartment,40.0
386,3,3,Gannavaram,1663,Ready to move,East,Apartment,59.86
387,3,3,Gunadala,1500,Ready to move,0,Independent House,56.0
388,3,3,Gollapudi,2062,Ready to move,0,Independent House,89.0
389,2,2,Enikepadu,1250,Ready to move,0,Residential Plot,39.0
390,2,2,Benz Circle,1350,Ready to move,East,Residential Plot,59.0
391,3,3,Vidhyadharpuram,1600,Under Construction,West,Residential Plot,95.0
392,6,7,Penamaluru,3700,Ready to move,0,Apartment,110.00000000000001
393,0,0,Kankipadu,1782,Resale,0,Apartment,16.83
394,0,0,Poranki,1800,Resale,West,Independent House,33.0
395,0,0,Kankipadu,1500,Resale,0,Apartment,20.0
396,3,3,Benz Circle,2317,Under Construction,East,Apartment,166.0
397,3,3,Gannavaram,1650,Ready to move,0,Apartment,72.0
398,2,2,Payakapuram,1000,Ready to move,0,Independent House,56.0
399,3,3,Benz Circle,2317,Under Construction,East,Independent House,166.0
400,3,3,Poranki,1587,Ready to move,West,Apartment,55.5
401,2,2,Poranki,1450,Ready to move,0,Apartment,48.0
402,2,2,Kankipadu,1290,Under Construction,NorthEast,Apartment,50.0
403,2,4,PNT Colony,1400,Ready to move,0,Apartment,72.0
404,2,2,Labbipet,950,Ready to move,East,Apartment,60.0
405,2,2,Poranki,1200,Ready to move,0,Independent House,40.0
406,3,3,Gannavaram,1663,Ready to move,East,Independent House,59.86
407,3,3,Gunadala,1500,Ready to move,0,Residential Plot,56.0
408,3,3,Gollapudi,2062,Ready to move,0,Residential Plot,89.0
409,2,2,Enikepadu,1250,Ready to move,0,Residential Plot,39.0
410,2,2,Benz Circle,1350,Ready to move,East,Apartment,59.0
411,3,3,Vidhyadharpuram,1600,Under Construction,West,Apartment,95.0
412,6,7,Penamaluru,3700,Ready to move,0,Independent House,110.00000000000001
413,0,0,Kankipadu,1782,Resale,0,Apartment,16.83
414,0,0,Poranki,1800,Resale,West,Apartment,33.0
415,0,0,Kankipadu,1500,Resale,0,Apartment,20.0
416,3,3,Benz Circle,2317,Under Construction,East,Independent House,166.0
417,3,3,Gannavaram,1650,Ready to move,0,Independent House,72.0
418,2,2,Payakapuram,1000,Ready to move,0,Apartment,56.0
419,3,3,Benz Circle,2317,Under Construction,East,Apartment,166.0
420,3,3,Poranki,1587,Ready to move,West,Apartment,55.5
421,2,2,Poranki,1450,Ready to move,0,Apartment,48.0
422,2,2,Kankipadu,1290,Under Construction,NorthEast,Apartment,50.0
423,2,4,PNT Colony,1400,Ready to move,0,Independent House,72.0
424,2,2,Labbipet,950,Ready to move,East,Independent House,60.0
425,2,2,Poranki,1200,Ready to move,0,Residential Plot,40.0
426,3,3,Gannavaram,1663,Ready to move,East,Residential Plot,59.86
427,3,3,Gunadala,1500,Ready to move,0,Residential Plot,56.0
428,3,3,Gollapudi,2062,Ready to move,0,Apartment,89.0
429,2,2,Enikepadu,1250,Ready to move,0,Apartment,39.0
430,2,2,Benz Circle,1350,Ready to move,East,Independent House,59.0
431,3,3,Vidhyadharpuram,1600,Under Construction,West,Apartment,95.0
432,6,7,Penamaluru,3700,Ready to move,0,Apartment,110.00000000000001
433,0,0,Kankipadu,1782,Resale,0,Apartment,16.83
434,0,0,Poranki,1800,Resale,West,Independent House,33.0
435,0,0,Kankipadu,1500,Resale,0,Independent House,20.0
436,3,3,Benz Circle,2317,Under Construction,East,Apartment,166.0
437,3,3,Gannavaram,1650,Ready to move,0,Apartment,72.0
438,2,2,Payakapuram,1000,Ready to move,0,Apartment,56.0
439,3,3,Benz Circle,2317,Under Construction,East,Apartment,166.0
440,3,3,Poranki,1587,Ready to move,West,Apartment,55.5
441,2,2,Poranki,1450,Ready to move,0,Independent House,48.0
442,2,2,Kankipadu,1290,Under Construction,NorthEast,Independent House,50.0
443,2,4,PNT Colony,1400,Ready to move,0,Residential Plot,72.0
444,2,2,Labbipet,950,Ready to move,East,Residential Plot,60.0
445,2,2,Poranki,1200,Ready to move,0,Residential Plot,40.0
446,3,3,Gannavaram,1663,Ready to move,East,Apartment,59.86
447,3,3,Gunadala,1500,Ready to move,0,Apartment,56.0
448,3,3,Gollapudi,2062,Ready to move,0,Independent House,89.0
449,2,2,Enikepadu,1250,Ready to move,0,Apartment,39.0
450,2,2,Benz Circle,1350,Ready to move,East,Apartment,59.0
451,3,3,Vidhyadharpuram,1600,Under Construction,West,Apartment,95.0
452,6,7,Penamaluru,3700,Ready to move,0,Independent House,110.00000000000001
453,0,0,Kankipadu,1782,Resale,0,Independent House,16.83
454,0,0,Poranki,1800,Resale,West,Apartment,33.0
455,0,0,Kankipadu,1500,Resale,0,Apartment,20.0
456,3,3,Benz Circle,2317,Under Construction,East,Apartment,166.0
457,3,3,Gannavaram,1650,Ready to move,0,Apartment,72.0
458,2,2,Payakapuram,1000,Ready to move,0,Apartment,56.0
459,3,3,Benz Circle,2317,Under Construction,East,Independent House,166.0
460,3,3,Poranki,1587,Ready to move,West,Independent House,55.5
461,2,2,Poranki,1450,Ready to move,0,Residential Plot,48.0
462,2,2,Kankipadu,1290,Under Construction,NorthEast,Residential Plot,50.0
463,2,4,PNT Colony,1400,Ready to move,0,Residential Plot,72.0
464,2,2,Labbipet,950,Ready to move,East,Apartment,60.0
465,2,2,Poranki,1200,Ready to move,0,Apartment,40.0
466,3,3,Gannavaram,1663,Ready to move,East,Independent House,59.86
467,3,3,Gunadala,1500,Ready to move,0,Apartment,56.0
468,3,3,Gollapudi,2062,Ready to move,0,Apartment,89.0
469,2,2,Enikepadu,1250,Ready to move,0,Apartment,39.0
470,2,2,Benz Circle,1350,Ready to move,East,Independent House,59.0
471,3,3,Vidhyadharpuram,1600,Under Construction,West,Independent House,95.0
472,6,7,Penamaluru,3700,Ready to move,0,Apartment,110.00000000000001
473,0,0,Kankipadu,1782,Resale,0,Apartment,16.83
474,0,0,Poranki,1800,Resale,West,Apartment,33.0
475,0,0,Kankipadu,1500,Resale,0,Apartment,20.0
476,3,3,Benz Circle,2317,Under Construction,East,Apartment,166.0
477,3,3,Gannavaram,1650,Ready to move,0,Independent House,72.0
478,2,2,Payakapuram,1000,Ready to move,0,Independent House,56.0
479,3,3,Benz Circle,2317,Under Construction,East,Residential Plot,166.0
480,3,3,Poranki,1587,Ready to move,West,Residential Plot,55.5
481,2,2,Poranki,1450,Ready to move,0,Residential Plot,48.0
482,2,2,Kankipadu,1290,Under Construction,NorthEast,Apartment,50.0
483,2,4,PNT Colony,1400,Ready to move,0,Apartment,72.0
484,2,2,Labbipet,950,Ready to move,East,Independent House,60.0
485,2,2,Poranki,1200,Ready to move,0,Apartment,40.0
486,3,3,Gannavaram,1663,Ready to move,East,Apartment,59.86
487,3,3,Gunadala,1500,Ready to move,0,Apartment,56.0
488,3,3,Gollapudi,2062,Ready to move,0,Independent House,89.0
489,2,2,Enikepadu,1250,Ready to move,0,Independent House,39.0
490,2,2,Benz Circle,1350,Ready to move,East,Apartment,59.0
491,3,3,Vidhyadharpuram,1600,Under Construction,West,Apartment,95.0
492,6,7,Penamaluru,3700,Ready to move,0,Apartment,110.00000000000001
493,0,0,Kankipadu,1782,Resale,0,Apartment,16.83
494,0,0,Poranki,1800,Resale,West,Apartment,33.0
495,0,0,Kankipadu,1500,Resale,0,Independent House,20.0
496,3,3,Benz Circle,2317,Under Construction,East,Independent House,166.0
497,3,3,Gannavaram,1650,Ready to move,0,Residential Plot,72.0
498,2,2,Payakapuram,1000,Ready to move,0,Residential Plot,56.0
499,3,3,Benz Circle,2317,Under Construction,East,Residential Plot,166.0
500,3,3,Poranki,1587,Ready to move,West,Apartment,55.5
501,2,2,Poranki,1450,Ready to move,0,Apartment,48.0
502,2,2,Kankipadu,1290,Under Construction,NorthEast,Independent House,50.0
503,2,4,PNT Colony,1400,Ready to move,0,Apartment,72.0
504,2,2,Labbipet,950,Ready to move,East,Apartment,60.0
505,2,2,Poranki,1200,Ready to move,0,Apartment,40.0
506,3,3,Gannavaram,1663,Ready to move,East,Independent House,59.86
507,3,3,Gunadala,1500,Ready to move,0,Independent House,56.0
508,3,3,Gollapudi,2062,Ready to move,0,Apartment,89.0
509,2,2,Enikepadu,1250,Ready to move,0,Apartment,39.0
510,2,2,Benz Circle,1350,Ready to move,East,Apartment,59.0
511,3,3,Vidhyadharpuram,1600,Under Construction,West,Apartment,95.0
512,6,7,Penamaluru,3700,Ready to move,0,Apartment,110.00000000000001
513,0,0,Kankipadu,1782,Resale,0,Independent House,16.83
514,0,0,Poranki,1800,Resale,West,Independent House,33.0
515,0,0,Kankipadu,1500,Resale,0,Residential Plot,20.0
516,3,3,Benz Circle,2317,Under Construction,East,Residential Plot,166.0
517,3,3,Gannavaram,1650,Ready to move,0,Residential Plot,72.0
518,2,2,Payakapuram,1000,Ready to move,0,Apartment,56.0
519,3,3,Benz Circle,2317,Under Construction,East,Apartment,166.0
520,3,3,Poranki,1587,Ready to move,West,Independent House,55.5
521,2,2,Poranki,1450,Ready to move,0,Apartment,48.0
522,2,2,Kankipadu,1290,Under Construction,NorthEast,Apartment,50.0
523,2,4,PNT Colony,1400,Ready to move,0,Apartment,72.0
524,2,2,Labbipet,950,Ready to move,East,Independent House,60.0
525,2,2,Poranki,1200,Ready to move,0,Independent House,40.0
526,3,3,Gannavaram,1663,Ready to move,East,Apartment,59.86
527,3,3,Gunadala,1500,Ready to move,0,Apartment,56.0
528,3,3,Gollapudi,2062,Ready to move,0,Apartment,89.0
529,2,2,Enikepadu,1250,Ready to move,0,Apartment,39.0
530,2,2,Benz Circle,1350,Ready to move,East,Apartment,59.0
531,3,3,Vidhyadharpuram,1600,Under Construction,West,Independent House,95.0
532,6,7,Penamaluru,3700,Ready to move,0,Independent House,110.00000000000001
533,0,0,Kankipadu,1782,Resale,0,Residential Plot,16.83
534,0,0,Poranki,1800,Resale,West,Residential Plot,33.0
535,0,0,Kankipadu,1500,Resale,0,Residential Plot,20.0
536,3,3,Benz Circle,2317,Under Construction,East,Apartment,166.0
537,3,3,Gannavaram,1650,Ready to move,0,Apartment,72.0
538,2,2,Payakapuram,1000,Ready to move,0,Independent House,56.0
539,3,3,Benz Circle,2317,Under Construction,East,Apartment,166.0
540,3,3,Poranki,1587,Ready to move,West,Apartment,55.5
541,2,2,Poranki,1450,Ready to move,0,Apartment,48.0
542,2,2,Kankipadu,1290,Under Construction,NorthEast,Independent House,50.0
543,2,4,PNT Colony,1400,Ready to move,0,Independent House,72.0
544,2,2,Labbipet,950,Ready to move,East,Apartment,60.0
545,2,2,Poranki,1200,Ready to move,0,Apartment,40.0
546,3,3,Gannavaram,1663,Ready to move,East,Apartment,59.86
547,3,3,Gunadala,1500,Ready to move,0,Apartment,56.0
548,3,3,Gollapudi,2062,Ready to move,0,Apartment,89.0
549,2,2,Enikepadu,1250,Ready to move,0,Independent House,39.0
550,2,2,Benz Circle,1350,Ready to move,East,Independent House,59.0
551,3,3,Vidhyadharpuram,1600,Under Construction,West,Residential Plot,95.0
552,6,7,Penamaluru,3700,Ready to move,0,Residential Plot,110.00000000000001
553,0,0,Kankipadu,1782,Resale,0,Residential Plot,16.83
554,0,0,Poranki,1800,Resale,West,Apartment,33.0
555,0,0,Kankipadu,1500,Resale,0,Apartment,20.0
556,3,3,Benz Circle,2317,Under Construction,East,Independent House,166.0
557,3,3,Gannavaram,1650,Ready to move,0,Apartment,72.0
558,2,2,Payakapuram,1000,Ready to move,0,Apartment,56.0
559,3,3,Benz Circle,2317,Under Construction,East,Apartment,166.0
560,3,3,Poranki,1587,Ready to move,West,Independent House,55.5
561,2,2,Poranki,1450,Ready to move,0,Independent House,48.0
562,2,2,Kankipadu,1290,Under Construction,NorthEast,Apartment,50.0
563,2,4,PNT Colony,1400,Ready to move,0,Apartment,72.0
564,2,2,Labbipet,950,Ready to move,East,Apartment,60.0
565,2,2,Poranki,1200,Ready to move,0,Apartment,40.0
566,3,3,Gannavaram,1663,Ready to move,East,Apartment,59.86
567,3,3,Gunadala,1500,Ready to move,0,Independent House,56.0
568,3,3,Gollapudi,2062,Ready to move,0,Independent House,89.0
569,2,2,Enikepadu,1250,Ready to move,0,Residential Plot,39.0
570,2,2,Benz Circle,1350,Ready to move,East,Residential Plot,59.0
571,3,3,Vidhyadharpuram,1600,Under Construction,West,Residential Plot,95.0
572,6,7,Penamaluru,3700,Ready to move,0,Apartment,110.00000000000001
573,0,0,Kankipadu,1782,Resale,0,Apartment,16.83
574,0,0,Poranki,1800,Resale,West,Independent House,33.0
575,0,0,Kankipadu,1500,Resale,0,Apartment,20.0
576,3,3,Benz Circle,2317,Under Construction,East,Apartment,166.0
577,3,3,Gannavaram,1650,Ready to move,0,Apartment,72.0
578,2,2,Payakapuram,1000,Ready to move,0,Independent House,56.0
579,3,3,Benz Circle,2317,Under Construction,East,Independent House,166.0
580,3,3,Poranki,1587,Ready to move,West,Apartment,55.5
581,2,2,Poranki,1450,Ready to move,0,Apartment,48.0
582,2,2,Kankipadu,1290,Under Construction,NorthEast,Apartment,50.0
583,2,4,PNT Colony,1400,Ready to move,0,Apartment,72.0
584,2,2,Labbipet,950,Ready to move,East,Apartment,60.0
585,2,2,Poranki,1200,Ready to move,0,Independent House,40.0
586,3,3,Gannavaram,1663,Ready to move,East,Independent House,59.86
587,3,3,Gunadala,1500,Ready to move,0,Residential Plot,56.0
588,3,3,Gollapudi,2062,Ready to move,0,Residential Plot,89.0
589,2,2,Enikepadu,1250,Ready to move,0,Residential Plot,39.0
590,2,2,Benz Circle,1350,Ready to move,East,Apartment,59.0
591,3,3,Vidhyadharpuram,1600,Under Construction,West,Apartment,95.0
592,6,7,Penamaluru,3700,Ready to move,0,Independent House,110.00000000000001
593,0,0,Kankipadu,1782,Resale,0,Apartment,16.83
594,0,0,Poranki,1800,Resale,West,Apartment,33.0
595,0,0,Kankipadu,1500,Resale,0,Apartment,20.0
596,3,3,Benz Circle,2317,Under Construction,East,Independent House,166.0
597,3,3,Gannavaram,1650,Ready to move,0,Independent House,72.0
598,2,2,Payakapuram,1000,Ready to move,0,Apartment,56.0
599,3,3,Benz Circle,2317,Under Construction,East,Apartment,166.0
600,3,3,Poranki,1587,Ready to move,West,Apartment,55.5
601,2,2,Poranki,1450,Ready to move,0,Apartment,48.0
602,2,2,Kankipadu,1290,Under Construction,NorthEast,Apartment,50.0
603,2,4,PNT Colony,1400,Ready to move,0,Independent House,72.0
604,2,2,Labbipet,950,Ready to move,East,Independent House,60.0
605,2,2,Poranki,1200,Ready to move,0,Residential Plot,40.0
606,3,3,Gannavaram,1663,Ready to move,East,Residential Plot,59.86
607,3,3,Gunadala,1500,Ready to move,0,Residential Plot,56.0
608,3,3,Gollapudi,2062,Ready to move,0,Apartment,89.0
609,2,2,Enikepadu,1250,Ready to move,0,Apartment,39.0
610,2,2,Benz Circle,1350,Ready to move,East,Independent House,59.0
611,3,3,Vidhyadharpuram,1600,Under Construction,West,Apartment,95.0
612,6,7,Penamaluru,3700,Ready to move,0,Apartment,110.00000000000001
613,0,0,Kankipadu,1782,Resale,0,Apartment,16.83
614,0,0,Poranki,1800,Resale,West,Independent House,33.0
615,0,0,Kankipadu,1500,Resale,0,Independent House,20.0
616,3,3,Benz Circle,2317,Under Construction,East,Apartment,166.0
617,3,3,Gannavaram,1650,Ready to move,0,Apartment,72.0
618,2,2,Payakapuram,1000,Ready to move,0,Apartment,56.0
619,3,3,Benz Circle,2317,Under Construction,East,Apartment,166.0
620,3,3,Poranki,1587,Ready to move,West,Apartment,55.5
621,2,2,Poranki,1450,Ready to move,0,Independent House,48.0
622,2,2,Kankipadu,1290,Under Construction,NorthEast,Independent House,50.0
623,2,4,PNT Colony,1400,Ready to move,0,Residential Plot,72.0
624,2,2,Labbipet,950,Ready to move,East,Residential Plot,60.0
625,2,2,Poranki,1200,Ready to move,0,Residential Plot,40.0
626,3,3,Gannavaram,1663,Ready to move,East,Apartment,59.86
627,3,3,Gunadala,1500,Ready to move,0,Apartment,56.0
628,3,3,Gollapudi,2062,Ready to move,0,Independent House,89.0
629,2,2,Enikepadu,1250,Ready to move,0,Apartment,39.0
630,2,2,Benz Circle,1350,Ready to move,East,Apartment,59.0
631,3,3,Vidhyadharpuram,1600,Under Construction,West,Apartment,95.0
632,6,7,Penamaluru,3700,Ready to move,0,Independent House,110.00000000000001
633,0,0,Kankipadu,1782,Resale,0,Independent House,16.83
634,0,0,Poranki,1800,Resale,West,Apartment,33.0
635,0,0,Kankipadu,1500,Resale,0,Apartment,20.0
636,3,3,Benz Circle,2317,Under Construction,East,Apartment,166.0
637,3,3,Gannavaram,1650,Ready to move,0,Apartment,72.0
638,2,2,Payakapuram,1000,Ready to move,0,Apartment,56.0
639,3,3,Benz Circle,2317,Under Construction,East,Independent House,166.0
640,3,3,Poranki,1587,Ready to move,West,Independent House,55.5
641,2,2,Poranki,1450,Ready to move,0,Residential Plot,48.0
642,2,2,Kankipadu,1290,Under Construction,NorthEast,Residential Plot,50.0
643,2,4,PNT Colony,1400,Ready to move,0,Residential Plot,72.0
644,2,2,Labbipet,950,Ready to move,East,Apartment,60.0
645,2,2,Poranki,1200,Ready to move,0,Apartment,40.0
646,3,3,Gannavaram,1663,Ready to move,East,Independent House,59.86
647,3,3,Gunadala,1500,Ready to move,0,Apartment,56.0
648,3,3,Gollapudi,2062,Ready to move,0,Apartment,89.0
649,2,2,Enikepadu,1250,Ready to move,0,Apartment,39.0
650,2,2,Benz Circle,1350,Ready to move,East,Independent House,59.0
651,3,3,Vidhyadharpuram,1600,Under Construction,West,Independent House,95.0
652,6,7,Penamaluru,3700,Ready to move,0,Apartment,110.00000000000001
653,0,0,Kankipadu,1782,Resale,0,Apartment,16.83
654,0,0,Poranki,1800,Resale,West,Apartment,33.0
655,0,0,Kankipadu,1500,Resale,0,Apartment,20.0
656,3,3,Benz Circle,2317,Under Construction,East,Apartment,166.0
657,3,3,Gannavaram,1650,Ready to move,0,Independent House,72.0
658,2,2,Payakapuram,1000,Ready to move,0,Independent House,56.0
659,3,3,Benz Circle,2317,Under Construction,East,Residential Plot,166.0
660,3,3,Poranki,1587,Ready to move,West,Residential Plot,55.5
661,2,2,Poranki,1450,Ready to move,0,Residential Plot,48.0
662,2,2,Kankipadu,1290,Under Construction,NorthEast,Apartment,50.0
663,2,4,PNT Colony,1400,Ready to move,0,Apartment,72.0
664,2,2,Labbipet,950,Ready to move,East,Independent House,60.0
665,2,2,Poranki,1200,Ready to move,0,Apartment,40.0
666,3,3,Gannavaram,1663,Ready to move,East,Apartment,59.86
667,3,3,Gunadala,1500,Ready to move,0,Apartment,56.0
668,3,3,Gollapudi,2062,Ready to move,0,Independent House,89.0
669,2,2,Enikepadu,1250,Ready to move,0,Independent House,39.0
670,2,2,Benz Circle,1350,Ready to move,East,Apartment,59.0
671,3,3,Vidhyadharpuram,1600,Under Construction,West,Apartment,95.0
672,6,7,Penamaluru,3700,Ready to move,0,Apartment,110.00000000000001
673,0,0,Kankipadu,1782,Resale,0,Apartment,16.83
674,0,0,Poranki,1800,Resale,West,Apartment,33.0
675,0,0,Kankipadu,1500,Resale,0,Independent House,20.0
676,3,3,Benz Circle,2317,Under Construction,East,Independent House,166.0
677,3,3,Gannavaram,1650,Ready to move,0,Residential Plot,72.0
678,2,2,Payakapuram,1000,Ready to move,0,Residential Plot,56.0
679,3,3,Benz Circle,2317,Under Construction,East,Residential Plot,166.0
680,3,3,Poranki,1587,Ready to move,West,Apartment,55.5
681,2,2,Poranki,1450,Ready to move,0,Apartment,48.0
682,2,2,Kankipadu,1290,Under Construction,NorthEast,Independent House,50.0
683,2,4,PNT Colony,1400,Ready to move,0,Apartment,72.0
684,2,2,Labbipet,950,Ready to move,East,Apartment,60.0
685,2,2,Poranki,1200,Ready to move,0,Apartment,40.0
686,3,3,Gannavaram,1663,Ready to move,East,Independent House,59.86
687,3,3,Gunadala,1500,Ready to move,0,Independent House,56.0
688,3,3,Gollapudi,2062,Ready to move,0,Apartment,89.0
689,2,2,Enikepadu,1250,Ready to move,0,Apartment,39.0
690,2,2,Benz Circle,1350,Ready to move,East,Apartment,59.0
691,3,3,Vidhyadharpuram,1600,Under Construction,West,Apartment,95.0
692,6,7,Penamaluru,3700,Ready to move,0,Apartment,110.00000000000001
693,0,0,Kankipadu,1782,Resale,0,Independent House,16.83
694,0,0,Poranki,1800,Resale,West,Independent House,33.0
695,0,0,Kankipadu,1500,Resale,0,Residential Plot,20.0
696,3,3,Benz Circle,2317,Under Construction,East,Residential Plot,166.0
697,3,3,Gannavaram,1650,Ready to move,0,Residential Plot,72.0
698,2,2,Payakapuram,1000,Ready to move,0,Apartment,56.0
699,3,3,Benz Circle,2317,Under Construction,East,Apartment,166.0
700,3,3,Poranki,1587,Ready to move,West,Independent House,55.5
701,2,2,Poranki,1450,Ready to move,0,Apartment,48.0
702,2,2,Kankipadu,1290,Under Construction,NorthEast,Apartment,50.0
703,2,4,PNT Colony,1400,Ready to move,0,Apartment,72.0
704,2,2,Labbipet,950,Ready to move,East,Independent House,60.0
705,2,2,Poranki,1200,Ready to move,0,Independent House,40.0
706,3,3,Gannavaram,1663,Ready to move,East,Apartment,59.86
707,3,3,Gunadala,1500,Ready to move,0,Apartment,56.0
708,3,3,Gollapudi,2062,Ready to move,0,Apartment,89.0
709,2,2,Enikepadu,1250,Ready to move,0,Apartment,39.0
710,2,2,Benz Circle,1350,Ready to move,East,Apartment,59.0
711,3,3,Vidhyadharpuram,1600,Under Construction,West,Independent House,95.0
712,6,7,Penamaluru,3700,Ready to move,0,Independent House,110.00000000000001
713,0,0,Kankipadu,1782,Resale,0,Residential Plot,16.83
714,0,0,Poranki,1800,Resale,West,Residential Plot,33.0
715,0,0,Kankipadu,1500,Resale,0,Residential Plot,20.0
716,3,3,Benz Circle,2317,Under Construction,East,Apartment,166.0
717,3,3,Gannavaram,1650,Ready to move,0,Apartment,72.0
718,2,2,Payakapuram,1000,Ready to move,0,Independent House,56.0
719,3,3,Benz Circle,2317,Under Construction,East,Apartment,166.0
720,3,3,Poranki,1587,Ready to move,West,Apartment,55.5
721,2,2,Poranki,1450,Ready to move,0,Apartment,48.0
722,2,2,Kankipadu,1290,Under Construction,NorthEast,Independent House,50.0
723,2,4,PNT Colony,1400,Ready to move,0,Independent House,72.0
724,2,2,Labbipet,950,Ready to move,East,Apartment,60.0
725,2,2,Poranki,1200,Ready to move,0,Apartment,40.0
726,3,3,Gannavaram,1663,Ready to move,East,Apartment,59.86
727,3,3,Gunadala,1500,Ready to move,0,Apartment,56.0
728,3,3,Gollapudi,2062,Ready to move,0,Apartment,89.0
729,2,2,Enikepadu,1250,Ready to move,0,Independent House,39.0
730,2,2,Benz Circle,1350,Ready to move,East,Independent House,59.0
731,3,3,Vidhyadharpuram,1600,Under Construction,West,Residential Plot,95.0
732,6,7,Penamaluru,3700,Ready to move,0,Residential Plot,110.00000000000001
733,0,0,Kankipadu,1782,Resale,0,Residential Plot,16.83
734,0,0,Poranki,1800,Resale,West,Apartment,33.0
735,0,0,Kankipadu,1500,Resale,0,Apartment,20.0
736,3,3,Benz Circle,2317,Under Construction,East,Independent House,166.0
737,3,3,Gannavaram,1650,Ready to move,0,Apartment,72.0
738,2,2,Payakapuram,1000,Ready to move,0,Apartment,56.0
739,3,3,Benz Circle,2317,Under Construction,East,Apartment,166.0
740,3,3,Poranki,1587,Ready to move,West,Independent House,55.5
741,2,2,Poranki,1450,Ready to move,0,Independent House,48.0
742,2,2,Kankipadu,1290,Under Construction,NorthEast,Apartment,50.0
743,2,4,PNT Colony,1400,Ready to move,0,Apartment,72.0
744,2,2,Labbipet,950,Ready to move,East,Apartment,60.0
745,2,2,Poranki,1200,Ready to move,0,Apartment,40.0
746,3,3,Gannavaram,1663,Ready to move,East,Apartment,59.86
747,3,3,Gunadala,1500,Ready to move,0,Independent House,56.0
748,3,3,Gollapudi,2062,Ready to move,0,Independent House,89.0
749,2,2,Enikepadu,1250,Ready to move,0,Residential Plot,39.0
750,2,2,Benz Circle,1350,Ready to move,East,Residential Plot,59.0
751,3,3,Vidhyadharpuram,1600,Under Construction,West,Residential Plot,95.0
752,6,7,Penamaluru,3700,Ready to move,0,Apartment,110.00000000000001
753,0,0,Kankipadu,1782,Resale,0,Apartment,16.83
754,0,0,Poranki,1800,Resale,West,Independent House,33.0
755,0,0,Kankipadu,1500,Resale,0,Apartment,20.0
756,3,3,Benz Circle,2317,Under Construction,East,Apartment,166.0
757,3,3,Gannavaram,1650,Ready to move,0,Apartment,72.0
758,2,2,Payakapuram,1000,Ready to move,0,Independent House,56.0
759,3,3,Benz Circle,2317,Under Construction,East,Independent House,166.0
760,3,3,Poranki,1587,Ready to move,West,Apartment,55.5
761,2,2,Poranki,1450,Ready to move,0,Apartment,48.0
762,2,2,Kankipadu,1290,Under Construction,NorthEast,Apartment,50.0
763,2,4,PNT Colony,1400,Ready to move,0,Apartment,72.0
764,2,2,Labbipet,950,Ready to move,East,Apartment,60.0
765,2,2,Poranki,1200,Ready to move,0,Independent House,40.0
766,3,3,Gannavaram,1663,Ready to move,East,Independent House,59.86
767,3,3,Gunadala,1500,Ready to move,0,Residential Plot,56.0
768,3,3,Gollapudi,2062,Ready to move,0,Residential Plot,89.0
769,2,2,Enikepadu,1250,Ready to move,0,Residential Plot,39.0
770,2,2,Benz Circle,1350,Ready to move,East,Apartment,59.0
771,3,3,Vidhyadharpuram,1600,Under Construction,West,Apartment,95.0
772,6,7,Penamaluru,3700,Ready to move,0,Independent House,110.00000000000001
773,0,0,Kankipadu,1782,Resale,0,Apartment,16.83
774,0,0,Poranki,1800,Resale,West,Apartment,33.0
775,0,0,Kankipadu,1500,Resale,0,Apartment,20.0
776,3,3,Benz Circle,2317,Under Construction,East,Independent House,166.0
777,3,3,Gannavaram,1650,Ready to move,0,Independent House,72.0
778,2,2,Payakapuram,1000,Ready to move,0,Apartment,56.0
779,3,3,Benz Circle,2317,Under Construction,East,Apartment,166.0
780,3,3,Poranki,1587,Ready to move,West,Apartment,55.5
781,2,2,Poranki,1450,Ready to move,0,Apartment,48.0
782,2,2,Kankipadu,1290,Under Construction,NorthEast,Apartment,50.0
783,2,4,PNT Colony,1400,Ready to move,0,Independent House,72.0
784,2,2,Labbipet,950,Ready to move,East,Independent House,60.0
785,2,2,Poranki,1200,Ready to move,0,Residential Plot,40.0
786,3,3,Gannavaram,1663,Ready to move,East,Residential Plot,59.86
787,3,3,Gunadala,1500,Ready to move,0,Residential Plot,56.0
788,3,3,Gollapudi,2062,Ready to move,0,Apartment,89.0
789,2,2,Enikepadu,1250,Ready to move,0,Apartment,39.0
790,2,2,Benz Circle,1350,Ready to move,East,Independent House,59.0
791,3,3,Vidhyadharpuram,1600,Under Construction,West,Apartment,95.0
792,6,7,Penamaluru,3700,Ready to move,0,Apartment,110.00000000000001
793,0,0,Kankipadu,1782,Resale,0,Apartment,16.83
794,0,0,Poranki,1800,Resale,West,Independent House,33.0
795,0,0,Kankipadu,1500,Resale,0,Independent House,20.0
796,3,3,Benz Circle,2317,Under Construction,East,Apartment,166.0
797,3,3,Gannavaram,1650,Ready to move,0,Apartment,72.0
798,2,2,Payakapuram,1000,Ready to move,0,Apartment,56.0
799,3,3,Benz Circle,2317,Under Construction,East,Apartment,166.0
800,3,3,Poranki,1587,Ready to move,West,Apartment,55.5
801,2,2,Poranki,1450,Ready to move,0,Independent House,48.0
802,2,2,Kankipadu,1290,Under Construction,NorthEast,Independent House,50.0
803,2,4,PNT Colony,1400,Ready to move,0,Residential Plot,72.0
804,2,2,Labbipet,950,Ready to move,East,Residential Plot,60.0
805,2,2,Poranki,1200,Ready to move,0,Residential Plot,40.0
806,3,3,Gannavaram,1663,Ready to move,East,Apartment,59.86
807,3,3,Gunadala,1500,Ready to move,0,Apartment,56.0
808,3,3,Gollapudi,2062,Ready to move,0,Independent House,89.0
809,2,2,Enikepadu,1250,Ready to move,0,Apartment,39.0
810,2,2,Benz Circle,1350,Ready to move,East,Apartment,59.0
811,3,3,Vidhyadharpuram,1600,Under Construction,West,Apartment,95.0
812,6,7,Penamaluru,3700,Ready to move,0,Independent House,110.00000000000001
813,0,0,Kankipadu,1782,Resale,0,Independent House,16.83
814,0,0,Poranki,1800,Resale,West,Apartment,33.0
815,0,0,Kankipadu,1500,Resale,0,Apartment,20.0
816,3,3,Benz Circle,2317,Under Construction,East,Apartment,166.0
817,3,3,Gannavaram,1650,Ready to move,0,Apartment,72.0
818,2,2,Payakapuram,1000,Ready to move,0,Apartment,56.0
819,3,3,Benz Circle,2317,Under Construction,East,Independent House,166.0
820,3,3,Poranki,1587,Ready to move,West,Independent House,55.5
821,2,2,Poranki,1450,Ready to move,0,Residential Plot,48.0
822,2,2,Kankipadu,1290,Under Construction,NorthEast,Residential Plot,50.0
823,2,4,PNT Colony,1400,Ready to move,0,Residential Plot,72.0
824,2,2,Labbipet,950,Ready to move,East,Apartment,60.0
825,2,2,Poranki,1200,Ready to move,0,Apartment,40.0
826,3,3,Gannavaram,1663,Ready to move,East,Independent House,59.86
827,3,3,Gunadala,1500,Ready to move,0,Apartment,56.0
828,3,3,Gollapudi,2062,Ready to move,0,Apartment,89.0
829,2,2,Enikepadu,1250,Ready to move,0,Apartment,39.0
830,2,2,Benz Circle,1350,Ready to move,East,Independent House,59.0
831,3,3,Vidhyadharpuram,1600,Under Construction,West,Independent House,95.0
832,6,7,Penamaluru,3700,Ready to move,0,Apartment,110.00000000000001
833,0,0,Kankipadu,1782,Resale,0,Apartment,16.83
834,0,0,Poranki,1800,Resale,West,Apartment,33.0
835,0,0,Kankipadu,1500,Resale,0,Apartment,20.0
836,3,3,Benz Circle,2317,Under Construction,East,Apartment,166.0
837,3,3,Gannavaram,1650,Ready to move,0,Independent House,72.0
838,2,2,Payakapuram,1000,Ready to move,0,Independent House,56.0
839,3,3,Benz Circle,2317,Under Construction,East,Residential Plot,166.0
840,3,3,Poranki,1587,Ready to move,West,Residential Plot,55.5
841,2,2,Poranki,1450,Ready to move,0,Residential Plot,48.0
842,2,2,Kankipadu,1290,Under Construction,NorthEast,Apartment,50.0
843,2,4,PNT Colony,1400,Ready to move,0,Apartment,72.0
844,2,2,Labbipet,950,Ready to move,East,Independent House,60.0
845,2,2,Poranki,1200,Ready to move,0,Apartment,40.0
846,3,3,Gannavaram,1663,Ready to move,East,Apartment,59.86
847,3,3,Gunadala,1500,Ready to move,0,Apartment,56.0
848,3,3,Gollapudi,2062,Ready to move,0,Independent House,89.0
849,2,2,Enikepadu,1250,Ready to move,0,Independent House,39.0
850,2,2,Benz Circle,1350,Ready to move,East,Apartment,59.0
851,3,3,Vidhyadharpuram,1600,Under Construction,West,Apartment,95.0
852,6,7,Penamaluru,3700,Ready to move,0,Apartment,110.00000000000001
853,0,0,Kankipadu,1782,Resale,0,Apartment,16.83
854,0,0,Poranki,1800,Resale,West,Apartment,33.0
855,0,0,Kankipadu,1500,Resale,0,Independent House,20.0
856,3,3,Benz Circle,2317,Under Construction,East,Independent House,166.0
857,3,3,Gannavaram,1650,Ready to move,0,Residential Plot,72.0
858,2,2,Payakapuram,1000,Ready to move,0,Residential Plot,56.0
859,3,3,Benz Circle,2317,Under Construction,East,Residential Plot,166.0
860,3,3,Poranki,1587,Ready to move,West,Apartment,55.5
861,2,2,Poranki,1450,Ready to move,0,Apartment,48.0
862,2,2,Kankipadu,1290,Under Construction,NorthEast,Independent House,50.0
863,2,4,PNT Colony,1400,Ready to move,0,Apartment,72.0
864,2,2,Labbipet,950,Ready to move,East,Apartment,60.0
865,2,2,Poranki,1200,Ready to move,0,Apartment,40.0
866,3,3,Gannavaram,1663,Ready to move,East,Independent House,59.86
867,3,3,Gunadala,1500,Ready to move,0,Independent House,56.0
868,3,3,Gollapudi,2062,Ready to move,0,Apartment,89.0
869,2,2,Enikepadu,1250,Ready to move,0,Apartment,39.0
870,2,2,Benz Circle,1350,Ready to move,East,Apartment,59.0
871,3,3,Vidhyadharpuram,1600,Under Construction,West,Apartment,95.0
872,6,7,Penamaluru,3700,Ready to move,0,Apartment,110.00000000000001
873,0,0,Kankipadu,1782,Resale,0,Independent House,16.83
874,0,0,Poranki,1800,Resale,West,Independent House,33.0
875,0,0,Kankipadu,1500,Resale,0,Residential Plot,20.0
876,3,3,Benz Circle,2317,Under Construction,East,Residential Plot,166.0
877,3,3,Gannavaram,1650,Ready to move,0,Residential Plot,72.0
878,2,2,Payakapuram,1000,Ready to move,0,Apartment,56.0
879,3,3,Benz Circle,2317,Under Construction,East,Apartment,166.0
880,3,3,Poranki,1587,Ready to move,West,Independent House,55.5
881,2,2,Poranki,1450,Ready to move,0,Apartment,48.0
882,2,2,Kankipadu,1290,Under Construction,NorthEast,Apartment,50.0
883,2,4,PNT Colony,1400,Ready to move,0,Apartment,72.0
884,2,2,Labbipet,950,Ready to move,East,Independent House,60.0
885,2,2,Poranki,1200,Ready to move,0,Independent House,40.0
886,3,3,Gannavaram,1663,Ready to move,East,Apartment,59.86
887,3,3,Gunadala,1500,Ready to move,0,Apartment,56.0
888,3,3,Gollapudi,2062,Ready to move,0,Apartment,89.0
889,2,2,Enikepadu,1250,Ready to move,0,Apartment,39.0
890,2,2,Benz Circle,1350,Ready to move,East,Apartment,59.0
891,3,3,Vidhyadharpuram,1600,Under Construction,West,Independent House,95.0
892,6,7,Penamaluru,3700,Ready to move,0,Independent House,110.00000000000001
893,0,0,Kankipadu,1782,Resale,0,Residential Plot,16.83
894,0,0,Poranki,1800,Resale,West,Residential Plot,33.0
895,0,0,Kankipadu,1500,Resale,0,Residential Plot,20.0
896,3,3,Benz Circle,2317,Under Construction,East,Apartment,166.0
897,3,3,Gannavaram,1650,Ready to move,0,Apartment,72.0
898,2,2,Payakapuram,1000,Ready to move,0,Independent House,56.0
899,3,3,Benz Circle,2317,Under Construction,East,Apartment,166.0
900,3,3,Poranki,1587,Ready to move,West,Apartment,55.5
901,2,2,Poranki,1450,Ready to move,0,Apartment,48.0
902,2,2,Kankipadu,1290,Under Construction,NorthEast,Independent House,50.0
903,2,4,PNT Colony,1400,Ready to move,0,Independent House,72.0
904,2,2,Labbipet,950,Ready to move,East,Apartment,60.0
905,2,2,Poranki,1200,Ready to move,0,Apartment,40.0
906,3,3,Gannavaram,1663,Ready to move,East,Apartment,59.86
907,3,3,Gunadala,1500,Ready to move,0,Apartment,56.0
908,3,3,Gollapudi,2062,Ready to move,0,Apartment,89.0
909,2,2,Enikepadu,1250,Ready to move,0,Independent House,39.0
910,2,2,Benz Circle,1350,Ready to move,East,Independent House,59.0
911,3,3,Vidhyadharpuram,1600,Under Construction,West,Residential Plot,95.0
912,6,7,Penamaluru,3700,Ready to move,0,Residential Plot,110.00000000000001
913,0,0,Kankipadu,1782,Resale,0,Residential Plot,16.83
914,0,0,Poranki,1800,Resale,West,Apartment,33.0
915,0,0,Kankipadu,1500,Resale,0,Apartment,20.0
916,3,3,Benz Circle,2317,Under Construction,East,Independent House,166.0
917,3,3,Gannavaram,1650,Ready to move,0,Apartment,72.0
918,2,2,Payakapuram,1000,Ready to move,0,Apartment,56.0
919,3,3,Benz Circle,2317,Under Construction,East,Apartment,166.0
920,3,3,Poranki,1587,Ready to move,West,Independent House,55.5
921,2,2,Poranki,1450,Ready to move,0,Independent House,48.0
922,2,2,Kankipadu,1290,Under Construction,NorthEast,Apartment,50.0
923,2,4,PNT Colony,1400,Ready to move,0,Apartment,72.0
924,2,2,Labbipet,950,Ready to move,East,Apartment,60.0
925,2,2,Poranki,1200,Ready to move,0,Apartment,40.0
926,3,3,Gannavaram,1663,Ready to move,East,Apartment,59.86
927,3,3,Gunadala,1500,Ready to move,0,Independent House,56.0
928,3,3,Gollapudi,2062,Ready to move,0,Independent House,89.0
929,2,2,Enikepadu,1250,Ready to move,0,Residential Plot,39.0
930,2,2,Benz Circle,1350,Ready to move,East,Residential Plot,59.0
931,3,3,Vidhyadharpuram,1600,Under Construction,West,Residential Plot,95.0
932,6,7,Penamaluru,3700,Ready to move,0,Apartment,110.00000000000001
933,0,0,Kankipadu,1782,Resale,0,Apartment,16.83
934,0,0,Poranki,1800,Resale,West,Independent House,33.0
935,0,0,Kankipadu,1500,Resale,0,Apartment,20.0
936,3,3,Benz Circle,2317,Under Construction,East,Apartment,166.0
937,3,3,Gannavaram,1650,Ready to move,0,Apartment,72.0
938,2,2,Payakapuram,1000,Ready to move,0,Independent House,56.0
939,3,3,Benz Circle,2317,Under Construction,East,Independent House,166.0
940,3,3,Poranki,1587,Ready to move,West,Apartment,55.5
941,2,2,Poranki,1450,Ready to move,0,Apartment,48.0
942,2,2,Kankipadu,1290,Under Construction,NorthEast,Apartment,50.0
943,2,4,PNT Colony,1400,Ready to move,0,Apartment,72.0
944,2,2,Labbipet,950,Ready to move,East,Apartment,60.0
945,2,2,Poranki,1200,Ready to move,0,Independent House,40.0
946,3,3,Gannavaram,1663,Ready to move,East,Independent House,59.86
947,3,3,Gunadala,1500,Ready to move,0,Residential Plot,56.0
948,3,3,Gollapudi,2062,Ready to move,0,Residential Plot,89.0
949,2,2,Enikepadu,1250,Ready to move,0,Residential Plot,39.0
950,2,2,Benz Circle,1350,Ready to move,East,Apartment,59.0
951,3,3,Vidhyadharpuram,1600,Under Construction,West,Apartment,95.0
952,6,7,Penamaluru,3700,Ready to move,0,Independent House,110.00000000000001
953,0,0,Kankipadu,1782,Resale,0,Apartment,16.83
954,0,0,Poranki,1800,Resale,West,Apartment,33.0
955,0,0,Kankipadu,1500,Resale,0,Apartment,20.0
956,3,3,Benz Circle,2317,Under Construction,East,Independent House,166.0
957,3,3,Gannavaram,1650,Ready to move,0,Independent House,72.0
958,2,2,Payakapuram,1000,Ready to move,0,Apartment,56.0
959,3,3,Benz Circle,2317,Under Construction,East,Apartment,166.0
960,3,3,Poranki,1587,Ready to move,West,Apartment,55.5
961,2,2,Poranki,1450,Ready to move,0,Apartment,48.0
962,2,2,Kankipadu,1290,Under Construction,NorthEast,Apartment,50.0
963,2,4,PNT Colony,1400,Ready to move,0,Independent House,72.0
964,2,2,Labbipet,950,Ready to move,East,Independent House,60.0
965,2,2,Poranki,1200,Ready to move,0,Residential Plot,40.0
966,3,3,Gannavaram,1663,Ready to move,East,Residential Plot,59.86
967,3,3,Gunadala,1500,Ready to move,0,Residential Plot,56.0
968,3,3,Gollapudi,2062,Ready to move,0,Apartment,89.0
969,2,2,Enikepadu,1250,Ready to move,0,Apartment,39.0
970,2,2,Benz Circle,1350,Ready to move,East,Independent House,59.0
971,3,3,Vidhyadharpuram,1600,Under Construction,West,Apartment,95.0
972,6,7,Penamaluru,3700,Ready to move,0,Apartment,110.00000000000001
973,0,0,Kankipadu,1782,Resale,0,Apartment,16.83
974,0,0,Poranki,1800,Resale,West,Independent House,33.0
975,0,0,Kankipadu,1500,Resale,0,Independent House,20.0
976,3,3,Benz Circle,2317,Under Construction,East,Apartment,166.0
977,3,3,Gannavaram,1650,Ready to move,0,Apartment,72.0
978,2,2,Payakapuram,1000,Ready to move,0,Apartment,56.0
979,3,3,Benz Circle,2317,Under Construction,East,Apartment,166.0
980,3,3,Poranki,1587,Ready to move,West,Apartment,55.5
981,2,2,Poranki,1450,Ready to move,0,Independent House,48.0
982,2,2,Kankipadu,1290,Under Construction,NorthEast,Independent House,50.0
983,2,4,PNT Colony,1400,Ready to move,0,Residential Plot,72.0
984,2,2,Labbipet,950,Ready to move,East,Residential Plot,60.0
985,2,2,Poranki,1200,Ready to move,0,Residential Plot,40.0
986,3,3,Gannavaram,1663,Ready to move,East,Apartment,59.86
987,3,3,Gunadala,1500,Ready to move,0,Apartment,56.0
988,3,3,Gollapudi,2062,Ready to move,0,Independent House,89.0
989,2,2,Enikepadu,1250,Ready to move,0,Apartment,39.0
990,2,2,Benz Circle,1350,Ready to move,East,Apartment,59.0
991,3,3,Vidhyadharpuram,1600,Under Construction,West,Apartment,95.0
992,6,7,Penamaluru,3700,Ready to move,0,Independent House,110.00000000000001
993,0,0,Kankipadu,1782,Resale,0,Independent House,16.83
994,0,0,Poranki,1800,Resale,West,Apartment,33.0
995,0,0,Kankipadu,1500,Resale,0,Apartment,20.0
996,3,3,Benz Circle,2317,Under Construction,East,Apartment,166.0
997,3,3,Gannavaram,1650,Ready to move,0,Apartment,72.0
998,2,2,Payakapuram,1000,Ready to move,0,Apartment,56.0
999,3,3,Benz Circle,2317,Under Construction,East,Independent House,166.0
1000,3,3,Poranki,1587,Ready to move,West,Independent House,55.5
1001,2,2,Poranki,1450,Ready to move,0,Residential Plot,48.0
1002,2,2,Kankipadu,1290,Under Construction,NorthEast,Residential Plot,50.0
1003,2,4,PNT Colony,1400,Ready to move,0,Residential Plot,72.0
1004,2,2,Labbipet,950,Ready to move,East,Apartment,60.0
1005,2,2,Poranki,1200,Ready to move,0,Apartment,40.0
1006,3,3,Gannavaram,1663,Ready to move,East,Independent House,59.86
1007,3,3,Gunadala,1500,Ready to move,0,Apartment,56.0
1008,3,3,Gollapudi,2062,Ready to move,0,Apartment,89.0
1009,2,2,Enikepadu,1250,Ready to move,0,Apartment,39.0
1010,2,2,Benz Circle,1350,Ready to move,East,Independent House,59.0
1011,3,3,Vidhyadharpuram,1600,Under Construction,West,Independent House,95.0
1012,6,7,Penamaluru,3700,Ready to move,0,Apartment,110.00000000000001
1013,0,0,Kankipadu,1782,Resale,0,Apartment,16.83
1014,0,0,Poranki,1800,Resale,West,Apartment,33.0
1015,0,0,Kankipadu,1500,Resale,0,Apartment,20.0
1016,3,3,Benz Circle,2317,Under Construction,East,Apartment,166.0
1017,3,3,Gannavaram,1650,Ready to move,0,Independent House,72.0
1018,2,2,Payakapuram,1000,Ready to move,0,Independent House,56.0
1019,3,3,Benz Circle,2317,Under Construction,East,Residential Plot,166.0
1020,3,3,Poranki,1587,Ready to move,West,Residential Plot,55.5
1021,2,2,Poranki,1450,Ready to move,0,Residential Plot,48.0
1022,2,2,Kankipadu,1290,Under Construction,NorthEast,Apartment,50.0
1023,2,4,PNT Colony,1400,Ready to move,0,Apartment,72.0
1024,2,2,Labbipet,950,Ready to move,East,Independent House,60.0
1025,2,2,Poranki,1200,Ready to move,0,Apartment,40.0
1026,3,3,Gannavaram,1663,Ready to move,East,Apartment,59.86
1027,3,3,Gunadala,1500,Ready to move,0,Apartment,56.0
1028,3,3,Gollapudi,2062,Ready to move,0,Independent House,89.0
1029,2,2,Enikepadu,1250,Ready to move,0,Independent House,39.0
1030,2,2,Benz Circle,1350,Ready to move,East,Apartment,59.0
1031,3,3,Vidhyadharpuram,1600,Under Construction,West,Apartment,95.0
1032,6,7,Penamaluru,3700,Ready to move,0,Apartment,110.00000000000001
1033,0,0,Kankipadu,1782,Resale,0,Apartment,16.83
1034,0,0,Poranki,1800,Resale,West,Apartment,33.0
1035,0,0,Kankipadu,1500,Resale,0,Independent House,20.0
1036,3,3,Benz Circle,2317,Under Construction,East,Independent House,166.0
1037,3,3,Gannavaram,1650,Ready to move,0,Residential Plot,72.0
1038,2,2,Payakapuram,1000,Ready to move,0,Residential Plot,56.0
1039,3,3,Benz Circle,2317,Under Construction,East,Residential Plot,166.0
1040,3,3,Poranki,1587,Ready to move,West,Apartment,55.5
1041,2,2,Poranki,1450,Ready to move,0,Apartment,48.0
1042,2,2,Kankipadu,1290,Under Construction,NorthEast,Independent House,50.0
1043,2,4,PNT Colony,1400,Ready to move,0,Apartment,72.0
1044,2,2,Labbipet,950,Ready to move,East,Apartment,60.0
1045,2,2,Poranki,1200,Ready to move,0,Apartment,40.0
1046,3,3,Gannavaram,1663,Ready to move,East,Independent House,59.86
1047,3,3,Gunadala,1500,Ready to move,0,Independent House,56.0
1048,3,3,Gollapudi,2062,Ready to move,0,Apartment,89.0
1049,2,2,Enikepadu,1250,Ready to move,0,Apartment,39.0
1050,2,2,Benz Circle,1350,Ready to move,East,Apartment,59.0
1051,3,3,Vidhyadharpuram,1600,Under Construction,West,Apartment,95.0
1052,6,7,Penamaluru,3700,Ready to move,0,Apartment,110.00000000000001
1053,0,0,Kankipadu,1782,Resale,0,Independent House,16.83
1054,0,0,Poranki,1800,Resale,West,Independent House,33.0
1055,0,0,Kankipadu,1500,Resale,0,Residential Plot,20.0
1056,3,3,Benz Circle,2317,Under Construction,East,Residential Plot,166.0
1057,3,3,Gannavaram,1650,Ready to move,0,Residential Plot,72.0
1058,2,2,Payakapuram,1000,Ready to move,0,Apartment,56.0
1059,3,3,Benz Circle,2317,Under Construction,East,Apartment,166.0
1060,3,3,Poranki,1587,Ready to move,West,Independent House,55.5
1061,2,2,Poranki,1450,Ready to move,0,Apartment,48.0
1062,2,2,Kankipadu,1290,Under Construction,NorthEast,Apartment,50.0
1063,2,4,PNT Colony,1400,Ready to move,0,Apartment,72.0
1064,2,2,Labbipet,950,Ready to move,East,Independent House,60.0
1065,2,2,Poranki,1200,Ready to move,0,Independent House,40.0
1066,3,3,Gannavaram,1663,Ready to move,East,Apartment,59.86
1067,3,3,Gunadala,1500,Ready to move,0,Apartment,56.0
1068,3,3,Gollapudi,2062,Ready to move,0,Apartment,89.0
1069,2,2,Enikepadu,1250,Ready to move,0,Apartment,39.0
1070,2,2,Benz Circle,1350,Ready to move,East,Apartment,59.0
1071,3,3,Vidhyadharpuram,1600,Under Construction,West,Independent House,95.0
1072,6,7,Penamaluru,3700,Ready to move,0,Independent House,110.00000000000001
1073,0,0,Kankipadu,1782,Resale,0,Residential Plot,16.83
1074,0,0,Poranki,1800,Resale,West,Residential Plot,33.0
1075,0,0,Kankipadu,1500,Resale,0,Residential Plot,20.0
1076,3,3,Benz Circle,2317,Under Construction,East,Apartment,166.0
1077,3,3,Gannavaram,1650,Ready to move,0,Apartment,72.0
1078,2,2,Payakapuram,1000,Ready to move,0,Independent House,56.0
1079,3,3,Benz Circle,2317,Under Construction,East,Apartment,166.0
1080,3,3,Poranki,1587,Ready to move,West,Apartment,55.5
1081,2,2,Poranki,1450,Ready to move,0,Apartment,48.0
1082,2,2,Kankipadu,1290,Under Construction,NorthEast,Independent House,50.0
1083,2,4,PNT Colony,1400,Ready to move,0,Independent House,72.0
1084,2,2,Labbipet,950,Ready to move,East,Apartment,60.0
1085,2,2,Poranki,1200,Ready to move,0,Apartment,40.0
1086,3,3,Gannavaram,1663,Ready to move,East,Apartment,59.86
1087,3,3,Gunadala,1500,Ready to move,0,Apartment,56.0
1088,3,3,Gollapudi,2062,Ready to move,0,Apartment,89.0
1089,2,2,Enikepadu,1250,Ready to move,0,Independent House,39.0
1090,2,2,Benz Circle,1350,Ready to move,East,Independent House,59.0
1091,3,3,Vidhyadharpuram,1600,Under Construction,West,Residential Plot,95.0
1092,6,7,Penamaluru,3700,Ready to move,0,Residential Plot,110.00000000000001
1093,0,0,Kankipadu,1782,Resale,0,Residential Plot,16.83
1094,0,0,Poranki,1800,Resale,West,Apartment,33.0
1095,0,0,Kankipadu,1500,Resale,0,Apartment,20.0
1096,3,3,Benz Circle,2317,Under Construction,East,Independent House,166.0
1097,3,3,Gannavaram,1650,Ready to move,0,Apartment,72.0
1098,2,2,Payakapuram,1000,Ready to move,0,Apartment,56.0
1099,3,3,Benz Circle,2317,Under Construction,East,Apartment,166.0
1100,3,3,Poranki,1587,Ready to move,West,Independent House,55.5
1101,2,2,Poranki,1450,Ready to move,0,Independent House,48.0
1102,2,2,Kankipadu,1290,Under Construction,NorthEast,Apartment,50.0
1103,2,4,PNT Colony,1400,Ready to move,0,Apartment,72.0
1104,2,2,Labbipet,950,Ready to move,East,Apartment,60.0
1105,2,2,Poranki,1200,Ready to move,0,Apartment,40.0
1106,3,3,Gannavaram,1663,Ready to move,East,Apartment,59.86
1107,3,3,Gunadala,1500,Ready to move,0,Independent House,56.0
1108,3,3,Gollapudi,2062,Ready to move,0,Independent House,89.0
1109,2,2,Enikepadu,1250,Ready to move,0,Residential Plot,39.0
1110,2,2,Benz Circle,1350,Ready to move,East,Residential Plot,59.0
1111,3,3,Vidhyadharpuram,1600,Under Construction,West,Residential Plot,95.0
1112,6,7,Penamaluru,3700,Ready to move,0,Apartment,110.00000000000001
1113,0,0,Kankipadu,1782,Resale,0,Apartment,16.83
1114,0,0,Poranki,1800,Resale,West,Independent House,33.0
1115,0,0,Kankipadu,1500,Resale,0,Apartment,20.0
